{
    "avg_prec": 0.9558932966331413,
    "roc_auc": 0.9717907953559732
}