{
    "avg_prec": 0.916698900628581,
    "roc_auc": 0.9508481917506465
}